Timestamp,Age,Gender,SeniorCitizen
2025-09-07 23:35:28,91-100,Female,Yes
2025-09-07 23:35:33,91-100,Female,Yes
2025-09-07 23:35:35,91-100,Female,Yes
2025-09-07 23:35:36,91-100,Female,Yes
2025-09-07 23:35:37,91-100,Female,Yes
2025-09-07 23:35:37,91-100,Female,Yes
2025-09-07 23:35:38,91-100,Female,Yes
2025-09-07 23:35:39,91-100,Female,Yes
2025-09-07 23:35:40,91-100,Female,Yes
2025-09-07 23:35:40,91-100,Female,Yes
2025-09-07 23:35:41,91-100,Female,Yes
2025-09-07 23:35:42,91-100,Female,Yes
2025-09-07 23:35:42,91-100,Female,Yes
2025-09-07 23:35:43,91-100,Female,Yes
2025-09-07 23:35:44,91-100,Female,Yes
2025-09-07 23:35:45,91-100,Female,Yes
2025-09-07 23:35:45,91-100,Female,Yes
2025-09-07 23:35:46,91-100,Female,Yes
2025-09-07 23:35:48,91-100,Female,Yes
2025-09-07 23:35:48,91-100,Female,Yes
2025-09-07 23:35:49,91-100,Female,Yes
2025-09-07 23:35:49,91-100,Female,Yes
2025-09-07 23:35:50,91-100,Female,Yes
2025-09-07 23:35:50,91-100,Female,Yes
2025-09-07 23:35:51,91-100,Female,Yes
2025-09-07 23:35:52,91-100,Female,Yes
2025-09-07 23:35:53,91-100,Female,Yes
2025-09-07 23:35:53,91-100,Female,Yes
2025-09-07 23:35:53,91-100,Female,Yes
2025-09-07 23:35:54,91-100,Female,Yes
2025-09-07 23:35:54,91-100,Female,Yes
2025-09-07 23:35:54,91-100,Female,Yes
2025-09-07 23:35:54,91-100,Female,Yes
2025-09-07 23:35:55,91-100,Female,Yes
2025-09-07 23:35:55,91-100,Female,Yes
2025-09-07 23:35:55,91-100,Female,Yes
2025-09-07 23:35:56,91-100,Female,Yes
2025-09-07 23:35:56,91-100,Female,Yes
2025-09-07 23:35:56,91-100,Female,Yes
2025-09-07 23:35:57,91-100,Female,Yes
2025-09-07 23:35:57,91-100,Female,Yes
2025-09-07 23:35:57,91-100,Female,Yes
2025-09-07 23:35:58,91-100,Female,Yes
2025-09-07 23:35:58,91-100,Female,Yes
2025-09-07 23:35:58,91-100,Female,Yes
2025-09-07 23:35:59,91-100,Female,Yes
2025-09-07 23:35:59,91-100,Female,Yes
2025-09-07 23:35:59,91-100,Female,Yes
2025-09-07 23:35:59,91-100,Female,Yes
2025-09-07 23:36:00,91-100,Female,Yes
2025-09-07 23:36:01,91-100,Female,Yes
2025-09-07 23:36:02,91-100,Female,Yes
2025-09-07 23:36:02,91-100,Female,Yes
2025-09-07 23:36:02,91-100,Female,Yes
2025-09-07 23:36:03,91-100,Female,Yes
2025-09-07 23:36:03,91-100,Female,Yes
2025-09-07 23:36:03,91-100,Female,Yes
2025-09-07 23:36:04,91-100,Female,Yes
2025-09-07 23:36:04,91-100,Female,Yes
2025-09-07 23:36:04,91-100,Female,Yes
2025-09-07 23:36:04,91-100,Female,Yes
2025-09-07 23:36:05,91-100,Female,Yes
2025-09-07 23:36:05,91-100,Female,Yes
2025-09-07 23:36:05,91-100,Female,Yes
2025-09-07 23:36:06,91-100,Female,Yes
2025-09-07 23:36:06,91-100,Female,Yes
2025-09-07 23:36:06,91-100,Female,Yes
2025-09-07 23:36:06,91-100,Female,Yes
2025-09-07 23:36:07,91-100,Female,Yes
2025-09-07 23:36:07,91-100,Female,Yes
2025-09-07 23:36:07,91-100,Female,Yes
2025-09-07 23:36:08,91-100,Female,Yes
